date,product,qty
2026-07-01,Biscuits 300g,4
2026-07-01,Rice 1kg,1
2026-07-02,Whole Milk 2L,5
2026-07-02,Whole Milk 2L,5
2026-07-02,White Bread,1
2026-07-03,Orange Juice 1L,2
2026-07-03,Whole Milk 2L,4
2026-07-04,Chocolate Bar,1
2026-07-05,Pasta 500g,5
2026-07-06,Pasta 500g,4
2026-07-07,Biscuits 300g,1
2026-07-08,Chocolate Bar,3
2026-07-08,Orange Juice 1L,5
2026-07-08,Cheddar 400g,3
2026-07-09,Chocolate Bar,2
2026-07-09,Whole Milk 2L,5
2026-07-09,Rice 1kg,3
2026-07-10,Tea Bags 80s,1
2026-07-11,Whole Milk 2L,2
2026-07-11,Tea Bags 80s,5
2026-07-11,Orange Juice 1L,3
2026-07-12,Pasta 500g,4
2026-07-12,Orange Juice 1L,2
2026-07-13,Crisps Multipack,2
2026-07-14,Pasta 500g,5
2026-07-15,Chocolate Bar,6
2026-07-15,Sparkling Water 6x,5
2026-07-16,Cheddar 400g,4
2026-07-17,Crisps Multipack,2
2026-07-18,Orange Juice 1L,6
2026-07-18,Whole Milk 2L,5
2026-07-19,Chocolate Bar,3
2026-07-19,Croissant 4-pack,3
2026-07-19,Pasta 500g,5
2026-07-20,Whole Milk 2L,1
2026-07-20,Biscuits 300g,4
2026-07-21,Rice 1kg,1
2026-07-21,Crisps Multipack,3
2026-07-21,Rice 1kg,6
2026-07-22,White Bread,4
2026-07-22,Chocolate Bar,3
2026-07-23,Biscuits 300g,3
2026-07-24,Pasta 500g,4
2026-07-25,White Bread,3
2026-07-26,Crisps Multipack,4
2026-07-27,Chocolate Bar,4
2026-07-27,Whole Milk 2L,4
2026-07-28,Tea Bags 80s,2
2026-07-28,Chocolate Bar,5
2026-07-29,Crisps Multipack,3
2026-07-29,Rice 1kg,4
2026-07-30,Cheddar 400g,2
2026-07-31,White Bread,2
2026-08-01,Sparkling Water 6x,5
2026-08-02,White Bread,1
2026-08-03,Orange Juice 1L,3
2026-08-04,Tea Bags 80s,2
2026-08-04,Crisps Multipack,5
2026-08-04,Biscuits 300g,6
2026-08-05,Crisps Multipack,4
2026-08-05,Chocolate Bar,6
2026-08-05,Chocolate Bar,4
2026-08-06,Orange Juice 1L,1
2026-08-06,Sparkling Water 6x,4
2026-08-07,White Bread,2
2026-08-08,Cheddar 400g,3
2026-08-08,Pasta 500g,1
2026-08-09,Tea Bags 80s,5
2026-08-10,Biscuits 300g,5
2026-08-11,Whole Milk 2L,2
2026-08-12,Orange Juice 1L,6
2026-08-12,White Bread,3
2026-08-12,Pasta 500g,4
2026-08-13,Cheddar 400g,4
2026-08-14,Sparkling Water 6x,3
2026-08-14,Whole Milk 2L,1
2026-08-15,Croissant 4-pack,3
2026-08-15,Sparkling Water 6x,6
2026-08-15,Cheddar 400g,1
2026-08-16,Biscuits 300g,5
2026-08-17,Cheddar 400g,5
2026-08-17,Chocolate Bar,5
2026-08-18,Biscuits 300g,1
2026-08-18,Crisps Multipack,3
2026-08-19,Orange Juice 1L,2
2026-08-19,Orange Juice 1L,2
2026-08-19,Tea Bags 80s,5
2026-08-20,Rice 1kg,5
2026-08-20,Chocolate Bar,2
2026-08-21,Chocolate Bar,6
2026-08-22,White Bread,4
2026-08-23,Crisps Multipack,1
2026-08-23,Chocolate Bar,4
2026-08-24,White Bread,5
2026-08-24,Biscuits 300g,4
2026-08-25,Biscuits 300g,3
2026-08-25,Whole Milk 2L,1
2026-08-25,White Bread,2
2026-08-26,White Bread,5
2026-08-26,Biscuits 300g,5
2026-08-27,Sparkling Water 6x,6
2026-08-28,Chocolate Bar,1
2026-08-28,Chocolate Bar,1
2026-08-29,Crisps Multipack,2
2026-08-29,Sparkling Water 6x,2
2026-08-30,Chocolate Bar,3
2026-08-30,Whole Milk 2L,6
2026-08-31,Sparkling Water 6x,6
2026-08-31,Biscuits 300g,6
2026-09-01,White Bread,2
2026-09-02,Cheddar 400g,4
2026-09-03,Cheddar 400g,5
2026-09-03,Biscuits 300g,6
2026-09-03,Biscuits 300g,2
2026-09-04,Tea Bags 80s,1
2026-09-04,Whole Milk 2L,6
2026-09-04,Rice 1kg,5
2026-09-05,Chocolate Bar,4
2026-09-05,Biscuits 300g,2
2026-09-05,Chocolate Bar,2
2026-09-06,White Bread,3
2026-09-07,White Bread,5
2026-09-07,Croissant 4-pack,5
2026-09-07,Orange Juice 1L,2
2026-09-08,Chocolate Bar,3
2026-09-09,Rice 1kg,5
2026-09-09,Orange Juice 1L,5
2026-09-10,Tea Bags 80s,5
2026-09-11,Whole Milk 2L,4
2026-09-11,Crisps Multipack,5
2026-09-11,Whole Milk 2L,2
2026-09-12,Cheddar 400g,5
2026-09-13,Cheddar 400g,1
2026-09-13,Croissant 4-pack,5
2026-09-13,Tea Bags 80s,4
2026-09-14,Chocolate Bar,1
2026-09-15,White Bread,1
2026-09-16,Tea Bags 80s,5
2026-09-17,Crisps Multipack,1
2026-09-18,Croissant 4-pack,5
2026-09-18,Pasta 500g,2
2026-09-19,White Bread,5
2026-09-19,Tea Bags 80s,4
2026-09-19,Tea Bags 80s,2
2026-09-20,Tea Bags 80s,3
2026-09-20,Chocolate Bar,2
2026-09-20,Chocolate Bar,2
2026-09-21,Cheddar 400g,4
2026-09-21,Croissant 4-pack,6
2026-09-22,Orange Juice 1L,2
2026-09-23,Croissant 4-pack,1
2026-09-23,Chocolate Bar,2
2026-09-23,Biscuits 300g,6
2026-09-24,Orange Juice 1L,3
2026-09-24,Chocolate Bar,4
2026-09-24,White Bread,1
2026-09-25,Chocolate Bar,2
2026-09-25,Biscuits 300g,2
2026-09-26,Crisps Multipack,5
2026-09-27,Croissant 4-pack,2
2026-09-27,Orange Juice 1L,1
2026-09-28,Orange Juice 1L,3
2026-09-28,Tea Bags 80s,4
2026-09-28,Crisps Multipack,4
2026-09-29,Tea Bags 80s,3
2026-09-29,Tea Bags 80s,1
2026-09-30,Biscuits 300g,2
